,OCI_AO,OCI_NAO,OCI_NINA34_ANOM,T2M_MEAN,TP,VPD
OCI_AO,0.0,0.4789045331121874,0.04073326858486082,0.04483140236398434,-0.036722436502274934,-0.03934111098058751
OCI_NAO,0.4252248020758128,0.0,0.05130183154197921,0.007568526133772543,-0.02601093995032343,-0.029372646801917684
OCI_NINA34_ANOM,-0.0013464301839491944,-0.06480390063611026,0.0,0.09315573237950271,-0.04515632797869621,0.0750551068176071
T2M_MEAN,0.07640894129331616,-0.08166800648440377,-0.03380928248822455,0.0,-0.0013588919181565942,0.31695352981773867
TP,-0.019509607964033785,-0.048921508737233756,-0.011330810284087521,-0.037184449721297086,0.0,-0.3307968903208285
VPD,0.00991950839147633,-0.016271257170579003,-0.0127467727181529,0.28179021134088866,-0.2473215166396869,0.0
